,t,TG,DG,MG,G,ME,T
0,0.0,0.61911421,0.040004937,0.000394678,0.0,0.0,33.71210479736328
1,0.5,0.614728094197117,0.04399421131126848,0.0007844182414464154,7.1012501680565705e-06,0.004790058544665484,33.778777861737595
2,1.0,0.6102541459098461,0.048023673290123595,0.0012166753346364567,1.9330465393896285e-05,0.0097207223555782,33.84541079545396
3,1.5,0.60569901934517,0.052084986218748686,0.0016924777415803784,3.734169450089326e-05,0.014787673785412127,33.912004925047626
4,2.0,0.6010695292066096,0.05616982889923559,0.0022126547350468173,6.18121591079135e-05,0.019986281846652965,33.97856165536453
5,2.5,0.5963717854982711,0.06027068248202345,0.002777915534255187,9.34414854501878e-05,0.025312545006884388,34.0450821800491
6,3.0,0.5916109352136282,0.0643810371914378,0.0033889001377714802,0.00013295245716243433,0.03076340183846806,34.11156738662225
7,3.5,0.58679139770207,0.06849515233085834,0.004046183788025354,0.00018109117904622287,0.036336500444047716,34.17801792767287
8,4.0,0.5819172064037613,0.07260773458405909,0.004750258015494745,0.00023862599668473386,0.042029835605102775,34.24443433239124
9,4.5,0.576992375176577,0.07671361224376114,0.0055014930356571,0.00030634454400467167,0.047841338947089355,34.310817132340695
10,5.0,0.5720210996190987,0.08080756858345386,0.006300107016156197,0.00038504978129108667,0.053768638959639514,34.37716693502216
11,5.5,0.5670077033301715,0.08488440006196533,0.007146164782783453,0.0004755568250796698,0.05980910710277125,34.4434844096359
12,6.0,0.5619565209858296,0.08893902404622671,0.008039589425999673,0.000578690541943956,0.06595998152405792,34.50977024911268
13,6.5,0.5568716583405098,0.09296668062441117,0.008980200522552717,0.0006952855125262555,0.07221864520709537,34.57602508468394
14,7.0,0.5517567854560632,0.09696309328364017,0.00996775847731881,0.0008261877829777336,0.07858288058721098,34.64224940757116
15,7.5,0.5466150508391613,0.10092452004320238,0.011001997003462561,0.0009722571141736512,0.08505099239264845,34.708443531017
16,8.0,0.5414490714761327,0.1048477385837367,0.012082645482891428,0.0011343694572389885,0.09162184492123651,34.77460757842009
17,8.5,0.5362610247295154,0.10872995035106137,0.013209431607498703,0.0013134183119244,0.09829477550183197,34.84074150943857
18,9.0,0.5310528284319868,0.11256862149128666,0.014382061263657308,0.0015103138130691334,0.10506939245780868,34.90684518168941
19,9.5,0.5258263049303062,0.11636134647698991,0.015600193114725944,0.0017259804779777253,0.11194538114037497,34.97291841007467
20,10.0,0.5205833651562869,0.1201057066699933,0.016863400695917387,0.0019613524778022123,0.11892227249523471,35.03896103797301
21,10.5,0.5153260915582141,0.12379921527323097,0.01817114903603422,0.0022173691325204845,0.12599932774286085,35.104972972835455
22,11.0,0.5100568087994654,0.12743927674389416,0.019522770257232307,0.0024949691994079213,0.13317543185658254,35.17095421940811
23,11.5,0.5047780500160528,0.1310232261442484,0.02091746178148335,0.002795087058215167,0.1404491178818606,35.236904872612996
24,12.0,0.4994925011830889,0.13454838217755397,0.02235429196579885,0.003118649673558001,0.14781862212982566,35.3028251009367
25,12.5,0.49420292563748036,0.13801211069008917,0.023832213873169236,0.003466574799260951,0.1552819698342105,35.36871512032683
26,13.0,0.48891206526223385,0.1414118993405152,0.02535008922343493,0.0038397711738157453,0.1628370983088323,35.43457515622318
27,13.5,0.483622553968732,0.14474541736937185,0.026906713802963875,0.004239139858932047,0.17048197155209574,35.500405407962006
28,14.0,0.47833685940605386,0.14801055065804075,0.028500838978404535,0.004665575957500604,0.17821466348735163,35.56620602267243
29,14.5,0.47305724024882884,0.15120542242015286,0.030131191388187862,0.0051199709428302025,0.18603342502501918,35.63197707391903
30,15.0,0.46778574456983135,0.1543283843168602,0.031796482149676494,0.005603213963631728,0.19393669750710835,35.69771855695571
31,15.5,0.4625242092266014,0.15737800651921857,0.0334954157170399,0.006116193537139892,0.20192312556471803,35.76343038397958
32,16.0,0.45727428600082276,0.16035305088453408,0.03522669012663211,0.006659797988010844,0.20999153210183083,35.82911239125017
33,16.5,0.4520374716209987,0.1632524433538094,0.036988994631905685,0.007234915393286025,0.2181408857974788,35.89476434858157
34,17.0,0.4468151461395853,0.16607524328545653,0.0387810030643823,0.00784243251057568,0.22637025394594815,35.960385973580756
35,17.5,0.4416086038072459,0.16882061974792562,0.04060136791529753,0.008483233529530704,0.23467876316711278,36.02597694351286
36,18.0,0.4364191012643909,0.17148782000049492,0.04244870698364448,0.009158196751469515,0.2430655312221924,36.0915369166586
37,18.5,0.43124786345059174,0.17407616510852708,0.04432160285456945,0.009868193586311524,0.25152965857660053,36.15706553468734
38,19.0,0.426096131599383,0.17658502285342928,0.046218586983166526,0.010614083564021003,0.2600701545118253,36.222562446387606
39,19.5,0.4209651510268337,0.17901381649933326,0.048138143925204976,0.011396713548627866,0.2686859519956268,36.28802730292096
40,20.0,0.4158562101982199,0.18136200574833353,0.05007869702607087,0.012216912027375484,0.2773758428826017,36.353459779179474
41,20.5,0.41077063076958814,0.1836290957847414,0.05203861130577471,0.013075487139895547,0.2861384868159774,36.41885957141268
42,21.0,0.40570977140196846,0.18581463871787282,0.054016191605574096,0.013973223274584428,0.29497239875277426,36.484226401973665
43,21.5,0.40067501325339083,0.18791824430472667,0.05600968797150229,0.014910879470380006,0.30387596565887126,36.54956001457297
44,22.0,0.39566775927920866,0.18993958301449176,0.05801729628855285,0.015889186417746507,0.312847441844837,36.61486017665163
45,22.5,0.39068942046485167,0.1918783951175388,0.060037164420293915,0.01690884499731542,0.3218849659500729,36.680126674635105
46,23.0,0.38574140714566635,0.1937344964155482,0.062067396953099783,0.01797052448568543,0.33098657077880406,36.74535931156019
47,23.5,0.38082510855475643,0.1955077884624157,0.0641060653026246,0.01907486268020306,0.34015021410827406,36.810557897582854
48,24.0,0.37594188219713087,0.19719826296468673,0.06615121452419515,0.020222465313987054,0.3493737949550382,36.87572224523209
49,24.5,0.37109305996318387,0.1988059983430272,0.06820086346884244,0.02141390322494631,0.358655141955551,36.94085217415606
50,25.0,0.36627993016922034,0.2003311663994878,0.07025301520416972,0.022649713227121938,0.36799204348919307,37.005947501629876
51,25.5,0.36150373662779206,0.20177403085979487,0.07230566066679099,0.023930396845621912,0.3773822497302426,37.07100804255559
52,26.0,0.35676567779432194,0.2031349457265793,0.0743567823735525,0.025256419105546046,0.3868234747903225,37.13603360946221
53,26.5,0.3520669133567937,0.20441435075268735,0.07640435492671208,0.02662820596380668,0.3963133854975316,37.20102401725179
54,27.0,0.3474085700881948,0.20561276759964622,0.07844634575471421,0.028046141557444587,0.4058495907814084,37.26597908794554
55,27.5,0.3427917292383104,0.2067308026607684,0.08048072410036294,0.029510569000558044,0.41542966486316846,37.330898643564666
56,28.0,0.33821743963206896,0.20776914035807112,0.08250545873116304,0.031021786278696683,0.4250511236564873,37.395782515622585
57,28.5,0.3336867019210154,0.20872854649291953,0.08451852859323598,0.032580047992828876,0.4347114546578782,37.4606305356327
58,29.0,0.3292004847298964,0.20960986057852626,0.08651791922003957,0.03418556047153757,0.4444080874332182,37.52544254697368
59,29.5,0.32475970275884075,0.21041400042823474,0.08850163643489711,0.035838485378027175,0.4541384364321106,37.59021839065113
60,30.0,0.32036522639734377,0.2111419561385226,0.09046770586346134,0.03753893660067208,0.4638998846674616,37.65495791241677
61,30.5,0.31601787446190927,0.2117947892301423,0.09241418015104907,0.039286981156899145,0.473689800002938,37.71966095802232
62,31.0,0.3117184109191934,0.21237363011276217,0.09433914440834955,0.041082639559694656,0.48350554460854533,37.78432737084643
63,31.5,0.3074675451279557,0.21287967435061064,0.09624072001293049,0.042925885508502896,0.49334447790198044,37.84895699189472
64,32.0,0.30326592621593484,0.21331418020804585,0.0981170710855809,0.04481664749043814,0.5032039718505222,37.91354965505364
65,32.5,0.2991141499548963,0.21367846295502002,0.09996640508271773,0.04675480700736568,0.5130814011425526,37.978105191836626
66,33.0,0.29501275639470337,0.2139738915308131,0.101786977579319,0.048740199495164276,0.522974152174944,38.042623429010966
67,33.5,0.2909622335393969,0.21420188378462382,0.10357709414038105,0.05077261353559801,0.5328796196721801,38.10710419097092
68,34.0,0.28696302073468155,0.21436390198858402,0.10533511221982313,0.05285179005691104,0.5427952035989636,38.17154730211076
69,34.5,0.28301550372636397,0.21446144996407931,0.10705944681551152,0.054977424494044955,0.5527183240772374,38.23595258207863
70,35.0,0.27912002363578087,0.21449606758187958,0.10874856954712453,0.057149164235214774,0.5626464063817732,38.30031985289575
71,35.5,0.2752768823919368,0.21446932642043068,0.11040100930378723,0.05936660688384503,0.5725768726795405,38.36464894370246
72,36.0,0.2714863400246835,0.21438282688665317,0.11201535655158569,0.06162930153707739,0.582507151601057,38.42893968838524
73,36.5,0.26774862471590954,0.21423819353035514,0.11359026171357468,0.06393674504016038,0.592434659077986,38.49319193506885
74,37.0,0.264063924763043,0.21403707309290498,0.11512444172085602,0.06628838542319569,0.6023568198042044,38.55740553899721
75,37.5,0.26043240051204336,0.21378112993587983,0.11661667741045624,0.06868361714162026,0.6122710431816534,38.62158037439863
76,38.0,0.2568541832694353,0.2134720434901023,0.11806581678928017,0.07112178145118192,0.6221747284222087,38.685716334485846
77,38.5,0.2533293743734944,0.2131115055928236,0.11947077809608467,0.07360216693759702,0.6320652695977843,38.74981333145598
78,39.0,0.24985804221629027,0.21270121788100554,0.1208305535888251,0.0761240113138788,0.6419400660002924,38.81387129411752
79,39.5,0.2464402326571998,0.2122428882282947,0.12214420741922392,0.07868649669528126,0.6517965001525866,38.877890179755546
80,40.0,0.24307595700280862,0.21173822893481223,0.12341088304661643,0.08128875601576241,0.6616319700753326,38.941869962266516
81,40.5,0.23976519606998006,0.2111889535216727,0.12462980346420519,0.08392987194414175,0.6714438832825086,39.00581063690432
82,41.0,0.23650789372886666,0.21059677408219776,0.12580027559573062,0.08660888159320466,0.6812296770532732,39.06971221316116
83,41.5,0.23330396128092337,0.2099633980735178,0.1269216899168871,0.08932477572867142,0.6909868120933065,39.133574719513646
84,42.0,0.23015327368832394,0.20929052547852908,0.1279935231475007,0.09207650268564598,0.7007127868304687,39.19739819867669
85,42.5,0.22705565895084562,0.20857984570094934,0.12901534306619136,0.09486297728201339,0.7104051706793725,39.26118269336519
86,43.0,0.22401090753818204,0.20783303415644055,0.12998680509738858,0.09768307820798851,0.7200615859751835,39.324928255786276
87,43.5,0.22101876283407326,0.207051749058937,0.13090765580860148,0.10053565729838795,0.7296797395713042,39.38863493340095
88,44.0,0.21807892719362548,0.20623762823178396,0.13177773009972168,0.10341953947486855,0.7392574138558333,39.452302773670226
89,44.5,0.21519105376232608,0.20539228574919471,0.13259695312059153,0.10633353236788734,0.7487924960940401,39.515931809816806
90,45.0,0.21235475314179666,0.2045173089771066,0.13336533647442475,0.10927642640667164,0.7582829681459713,39.5795220655712
91,45.5,0.20956959293838895,0.20361425569438926,0.1340829766424728,0.11224699972474865,0.767726915153581,39.643073550425605
92,46.0,0.20683510090079454,0.20268465156379792,0.13475005190150122,0.11524402063390596,0.7771225242685185,39.70658625963392
93,46.5,0.20415076483532518,0.2017299876462867,0.1353668199821858,0.11826625253620197,0.7864680922192645,39.77006016946565
94,47.0,0.20151603591228934,0.20075171833609856,0.13593361441106813,0.12131245634054362,0.795762023179866,39.83349523720588
95,47.5,0.19893033183818792,0.1997512596022623,0.1364508407607318,0.12438139279881763,0.8050028265201791,39.896891401155294
96,48.0,0.19639304570097715,0.19872998815939608,0.1369189714173917,0.12747181972223473,0.814189097160884,39.960248590122376
97,48.5,0.19390353965005883,0.19768923949164655,0.1373385442158851,0.13058250164240923,0.8233195398506447,40.0235667091851
98,49.0,0.19146115912647638,0.1966303081813516,0.1377101558839873,0.1337122018081844,0.8323929323738797,40.086845658675344
99,49.5,0.18906522907946885,0.19555444676947095,0.13803445999084407,0.1368596891602158,0.8414081412318067,40.150085324686685
100,50.0,0.1867150575217709,0.19446286551087294,0.13831216301486182,0.14002373895249404,0.8503641153980789,40.213285581447444
101,50.5,0.18440994394311827,0.19335673314584098,0.13854401972559618,0.14320312818544428,0.8592598641533663,40.276446303185935
102,51.0,0.18214917534186992,0.19223717628401496,0.13873083098652464,0.1463966423875902,0.868094472419835,40.339567354638284
103,51.5,0.17993203280586165,0.19110528035426144,0.13887343967279736,0.14960307216707927,0.8768670832010941,40.4026486005406
104,52.0,0.17775779368232364,0.18996209023082813,0.13897272758293594,0.15282121350391198,0.8855768929084361,40.46568990800206
105,52.5,0.17562572884057498,0.18880861015071582,0.13902961291164254,0.15604987309706636,0.8942231622652,40.528691139385735
106,53.0,0.17353511074659034,0.1876458055273413,0.13904504655982852,0.1592878621662395,0.902805192145717,40.591652166546886
107,53.5,0.1714852092703131,0.18647460289022577,0.13902000986197355,0.16253400297748724,0.9113223385466347,40.65457286134079
108,54.0,0.16947529691028013,0.18529589149558648,0.13895551149255678,0.16578712510157628,0.9197739967854289,40.717453105114906
109,54.5,0.16750464372307747,0.18411052313263745,0.13885258502292458,0.16904607312136016,0.9281596195425672,40.780292776843666
110,55.0,0.16557252661433208,0.1829193147147078,0.13871228598075627,0.17230969769020352,0.936478686746831,40.84309177211285
111,55.5,0.16367822308114294,0.1817230479992772,0.13853568948513842,0.17557686443444112,0.9447307272728774,40.90584998888128
112,56.0,0.16182101385785855,0.18052247097226853,0.13832388759367562,0.17884645257619694,0.9529153108882107,40.968567332226925
113,56.5,0.16000018427116863,0.17931829908260752,0.13807798684767628,0.1821173547985472,0.9610320441736018,41.03124371671998
114,57.0,0.15821502449536037,0.17811121628931328,0.1377991058720075,0.18538847834331848,0.9690805700632837,41.093879066422815
115,57.5,0.15646482795083413,0.17690187566911808,0.1374883727981025,0.18865874858194492,0.9770605740111579,41.156473310143916
116,58.0,0.15474889179302634,0.17569090044607255,0.13714692279128562,0.19192710996961515,0.9849717829374892,41.21902638143787
117,58.5,0.15306651916112207,0.17447888547733598,0.13677589593276973,0.1951925244287719,0.9928139576291911,41.28153822335147
118,59.0,0.15141701941592273,0.17326639832276278,0.13637643503280303,0.19845397222851116,1.0005868920739023,41.34400878842369
119,59.5,0.14979970498311143,0.17205397941691888,0.13594968280458528,0.2017104577953841,1.0082904254122418,41.40643802919353
120,60.0,0.14821389698560614,0.17084214439872833,0.1354967806958513,0.2049610029198139,1.0159244215498726,41.46882591243828
121,60.5,0.14665892119861149,0.16963138407739353,0.13501886601725452,0.20820465370674013,1.023488784232123,41.531172407308276
122,61.0,0.14513411015792202,0.16842216585912292,0.1345170703105198,0.21144047867243493,1.0309834494974672,41.59347749007302
123,61.5,0.14363880268698323,0.16721493452574476,0.13399251725555747,0.21466757053171417,1.0384083876320023,41.65574114174811
124,62.0,0.14217234428439604,0.16601011319969203,0.13344632085043334,0.21788504666547825,1.0457636018969936,41.71796334809524
125,62.5,0.14073408823676722,0.16480810450187022,0.13287958395183713,0.22109204830952506,1.0530491243341198,41.780144101995255
126,63.0,0.13932339515542544,0.16360929126651055,0.1322933964301369,0.22428774214792674,1.0602650175705648,41.84228340107511
127,63.5,0.13793963260568923,0.16241403722076664,0.13168883336530565,0.22747132180823815,1.0674113763760926,41.9043812453348
128,64.0,0.13658217551475668,0.16122268783930482,0.131066953590781,0.23064200805515714,1.0744883261863385,41.96643763714737
129,64.5,0.1352504092805242,0.16003557199965154,0.13042879957160128,0.2337990441482226,1.0814960105875222,42.02845259075114
130,65.0,0.13394372647351246,0.1588530017838483,0.12977539472304592,0.23694170201959291,1.0884346042887192,42.09042612038439
131,65.5,0.13266152727034297,0.15767527323178038,0.12910774223412508,0.24006928226375118,1.0953043114912844,42.152358240285444
132,66.0,0.13140322305456684,0.1565026680693032,0.12842682568191385,0.2431811081942157,1.1021053510157783,42.214248976557855
133,66.5,0.13016823328395905,0.1553354534440791,0.12773360649045748,0.24627653178150402,1.1088379687695065,42.27609835530517
134,67.0,0.1289559858569518,0.15417388258211392,0.12702902306916272,0.24935493349177118,1.1155024361957533,42.337906402630956
135,67.5,0.12776591925351705,0.1530181959959444,0.12631399114029543,0.25241571861024276,1.122099041107264,42.39967315175791
136,68.0,0.1265974820467086,0.15186862190878705,0.12558940277579347,0.2554583182687105,1.128628089266506,42.46139864065484
137,68.5,0.12545013190610174,0.1507253764511812,0.1248561251165466,0.2584821915261701,1.135089908262785,42.523082907290565
138,69.0,0.12432333813580565,0.1495886649373181,0.12411500143037152,0.26148682049650435,1.1414848362875745,42.58472599912609
139,69.5,0.12321657777969493,0.14845868110265345,0.12336684805631563,0.26447171806133557,1.1478132383992918,42.646327956503285
140,70.0,0.12212934039893517,0.14733560900629628,0.1226124572339137,0.2674364183608544,1.1540754855566873,42.70788883162925
141,70.5,0.12106112529566386,0.14621962261228422,0.12185259492770292,0.27038048216434857,1.1602719659607361,42.769408676711095
142,71.0,0.12001144170499456,0.14511088620228615,0.12108800068326014,0.2733034964094587,1.166403083797183,42.83088754395594
143,71.5,0.1189798110159315,0.14400955545984523,0.12031938920922228,0.27620506931500055,1.172469248823292,42.8923254950631
144,72.0,0.11796576366231266,0.14291577683194698,0.11954744788935676,0.27908483661638317,1.1784708894598104,42.95372258698578
145,72.5,0.11696884233417072,0.14182968886645553,0.11877283937584376,0.28194245442352955,1.184408437888732,43.01507888616941
146,73.0,0.1159885989501544,0.14075142155960893,0.1179961991593477,0.28477760533088853,1.1902823428709703,43.076394454313295
147,73.5,0.11502459771674647,0.13968109761909678,0.1172181383398761,0.2875899913242802,1.19609305527169,43.137669362608946
148,74.0,0.11407641311370105,0.1386188321251209,0.11643924211495221,0.29037933764622537,1.2018410362937018,43.19890368224789
149,74.5,0.1131436304102225,0.13756473294510058,0.11566007050345845,0.293145391141218,1.2075267543756718,43.260097486794685
150,75.0,0.11222584474830008,0.13651890066970834,0.11488115778788342,0.2958879217941077,1.2131506886277985,43.32125084744086
151,75.5,0.11132266387119295,0.1354814297513035,0.11410301556698176,0.29860671581052134,1.2187133153168312,43.38236384724318
152,76.0,0.11043370439687027,0.13445240754758064,0.11332612953853213,0.3013015835170165,1.2242151241756947,43.443436562139254
153,76.5,0.10955859366311255,0.1334319150873261,0.11255096177923399,0.30397235447032694,1.229656609056775,43.50446907043976
154,77.0,0.1086969704906523,0.13242002755834067,0.11177795211905171,0.3066188748319549,1.235038263292309,43.565461457574514
155,77.5,0.10784848417493846,0.13141681422222215,0.11100751769594232,0.30924100890689665,1.2403605833347968,43.62641381134639
156,78.0,0.10701279357334892,0.13042233830617608,0.11024005255350999,0.3118386405669646,1.2456240721140899,43.6873262171852
157,78.5,0.10618956667883529,0.12943665701365176,0.1094759277453663,0.3144116735621462,1.2508292401908232,43.74819875577467
158,79.0,0.10537848376661615,0.12845982274389997,0.10871549563775249,0.31696002285173097,1.255976589574598,43.809031522036825
159,79.5,0.10457923394720241,0.127491882227769,0.10795908667410964,0.3194836221509186,1.261066629028744,43.869824606147574
160,80.0,0.10379151590568339,0.12653287690654097,0.10720701094065707,0.3219824212471182,1.2660998695292096,43.93057809828285
161,80.5,0.10301503740667653,0.12558284293869415,0.10645955830514876,0.32445638634948015,1.271076825597432,43.99129208624552
162,81.0,0.10224951667743587,0.12464181182474701,0.10571700092843421,0.3269054955693825,1.2759980073897628,44.051966664957604
163,81.5,0.10149468069787443,0.12370981007266066,0.10497959193795012,0.32932974229151435,1.280863927823104,44.112601926968075
164,82.0,0.10075026509010346,0.12278685931152283,0.10424756607280745,0.3317291345255658,1.2856751020338353,44.17319796245285
165,82.5,0.10001601540472374,0.1218729768784572,0.10352114222239076,0.33410369049442784,1.2904320398065223,44.23375486870702
166,83.0,0.09929168476474068,0.12096817527612935,0.1028005211340518,0.3364534438250777,1.2951352560194662,44.29427273590648
167,83.5,0.09857703550780779,0.12007246282779188,0.1020858884825081,0.33877843818189174,1.2997852613384835,44.35475165897327
168,84.0,0.09787183758894016,0.11918584337509668,0.10137741353189243,0.3410787305040702,1.3043825689510924,44.4151917280833
169,84.5,0.09717587012036565,0.1183083169196186,0.1006752521814851,0.34335438577853017,1.3089276856181795,44.47559304053165
170,85.0,0.0964889184655372,0.11743987892331602,0.09997954367096204,0.34560548394018425,1.313421125085793,44.53595568174814
171,85.5,0.0958107771050968,0.11658052130851947,0.09929041561379823,0.34783211097258504,1.3178633924538712,44.596279746654794
172,86.0,0.09514124676571586,0.11573023181079253,0.09860798064191115,0.35003436578158,1.322254997439355,44.65656532068142
173,86.5,0.09448013621967025,0.11488899464948098,0.09793233996925625,0.352212354161592,1.3265964440727698,44.71681249400395
174,87.0,0.09382726108738852,0.11405679038263515,0.09726358245735629,0.3543661910726195,1.3308882355152065,44.77702135442526
175,87.5,0.09318244365832644,0.1132335960152394,0.09660178519685317,0.3564960001295805,1.3351308737976875,44.83719198737516
176,88.0,0.09254551300808277,0.1124193852024249,0.09594701455571414,0.3586019122337777,1.3393248580151864,44.897324478283466
177,88.5,0.09191630419272888,0.11161412819046516,0.09529932574265425,0.3606840668741512,1.3434706872982274,44.957418907833905
178,89.0,0.0912946586746257,0.11081779209283563,0.09465876434040686,0.3627426098921313,1.3475688574500433,45.01747535671019
179,89.5,0.09068042353002895,0.11003034084239466,0.09402536583804448,0.3647776947895314,1.351619863887078,45.07749390084995
180,90.0,0.09007345213943786,0.10925173554567556,0.09339915761658403,0.36678947969830206,1.35562419687375,45.13747461856385
181,90.5,0.08947360254350482,0.10848193420915779,0.09278015697473578,0.3687781312726011,1.359582348976433,45.19741757867035
182,91.0,0.0888807392693644,0.10772089237699899,0.09216837507560778,0.3707438182780283,1.3634948043622999,45.25732285710706
183,91.5,0.0882947311267357,0.10696856275030396,0.09156381390916615,0.3726867172137937,1.3673620492100176,45.317190520319414
184,92.0,0.08771545217797795,0.10622489556207224,0.09096646876982788,0.37460700849012146,1.3711845655720925,45.37702063475282
185,92.5,0.08714278072944401,0.10548983848118901,0.09037632721140254,0.37650487857796394,1.374962835637886,45.43681325973354
186,93.0,0.08657660024599662,0.10476333698966468,0.08979337145630473,0.3783805163080335,1.3786973358263748,45.496568456960894
187,93.5,0.08601679834153483,0.10404533431409291,0.08921757728229354,0.3802341150620782,1.3823885410649148,45.55628628338809
188,94.0,0.08546326637013558,0.10333577145120586,0.08864891396448314,0.3820658732141749,1.386036926022697,45.61596678884919
189,94.5,0.08491590030488314,0.10263458752125777,0.08808734663686708,0.3838759905369915,1.3896429594059665,45.67561002555131
190,95.0,0.08437459951867497,0.1019417196495686,0.08753283465037552,0.3856646711813804,1.393207109494461,45.7352160385824
191,95.5,0.0838392673979171,0.10125710323671146,0.086985333425389,0.38743212093998197,1.3967298399074353,45.79478487303043
192,96.0,0.08330981066520067,0.10058067196053619,0.08644479377712357,0.3891785485971391,1.4002116123062005,45.85431656923726
193,96.5,0.08278613875988705,0.09991235774423661,0.08591116130349025,0.3909041671923856,1.403652888928374,45.913811158052546
194,97.0,0.08226816516313298,0.09925209117105872,0.08538437966466672,0.39260918900114106,1.4070541245038155,45.97326867507204
195,97.5,0.08175580600256604,0.09859980135772237,0.08486438834879585,0.3942938292909152,1.41041577292806,46.03268914877236
196,98.0,0.08124898017531164,0.09795541607759338,0.08435112349434713,0.39595830525274733,1.41373828582453,46.09207260288401
197,98.5,0.08074760944729945,0.09731886190205805,0.0838445186563759,0.3976028349942661,1.4170221111976085,46.15141905876443
198,99.0,0.08025161830650306,0.09669006430388735,0.08334450504187277,0.3992276373477363,1.420267693430842,46.21072853539804
199,99.5,0.07976093359913163,0.0960689477052671,0.08285101125626967,0.4008329324393311,1.4234754745358,46.270001047023136
200,100.0,0.07927548419454206,0.09545543550587171,0.08236396307804528,0.40241894222154045,1.426645895326584,46.329236600758875
201,100.5,0.07879520197744318,0.09484945038614993,0.08188328612098507,0.40398588651542133,1.4297793891743844,46.388435208470504
202,101.0,0.07832001994224617,0.0942509140813772,0.08140890208657739,0.40553398888979875,1.4328763919239285,46.44759686778497
203,101.5,0.07784987365418927,0.09365974769480848,0.08094073247875787,0.4070634711722439,1.4359373331690561,46.50672157870229
204,102.0,0.0773847008764703,0.09307587178721045,0.08047869820574594,0.4085745541305728,1.438962637590421,46.56580934122245
205,102.5,0.07692444019613745,0.09249920622167596,0.08002271684322348,0.41006746173896264,1.441952732125011,46.62486014110714
206,103.0,0.07646903305380519,0.09192967056488373,0.07957270773720825,0.4115424136441024,1.4449080339716074,46.683873973610275
207,103.5,0.07601842151936168,0.09136718386858894,0.07912858718014351,0.4129996324319054,1.4478289625245921,46.74285081974744
208,104.0,0.07557254988319123,0.09081166495539061,0.07869027254471166,0.41443933761670604,1.450715929894932,46.801790665280336
209,104.5,0.0751313635137868,0.09026303237010097,0.07825767990209935,0.4158617492140124,1.4535693468163369,46.86069348885151
210,105.0,0.07469480919278085,0.08972120448084797,0.07783072516624345,0.41726708616012725,1.4563896202937165,46.91955926673045
211,105.5,0.07426283502499262,0.08918609954973004,0.07740932419456734,0.41865556623070954,1.4591771536309932,46.97838797281361
212,106.0,0.07383539035325343,0.08865763579924814,0.07699339288273532,0.4200274059647627,1.4619323464590066,47.03717957862437
213,106.5,0.07341242549006011,0.08813573144129194,0.07658284678152043,0.4213828212871271,1.464655595865714,47.09593405094003
214,107.0,0.07299389203051063,0.08762030477951013,0.07617760216537302,0.4227220260246058,1.4673472941840733,47.15465135653788
215,107.5,0.07257974257778037,0.08711127425770984,0.07577757559298803,0.4240452325715213,1.4700078301582495,47.213331459822165
216,108.0,0.07216993067556755,0.08660855851091469,0.07538268398038232,0.42535265183313503,1.472637588971084,47.27197432282407
217,108.5,0.07176441074448163,0.08611207641319314,0.07499284466885872,0.4266444931734661,1.4752369522713085,47.330579905201745
218,109.0,0.07136313802222,0.08562174712241127,0.07460797548805607,0.42792096436731225,1.4778062982004598,47.38914816424027
219,109.5,0.07096606833231348,0.08513749009494764,0.07422799434504994,0.4291822722276885,1.4803460024681128,47.447679052478634
220,110.0,0.07057315891347818,0.08465922523336748,0.07385282166513708,0.43042861918801684,1.4828564331276919,47.50617252957498
221,110.5,0.07018436744685504,0.08418687288959861,0.0734823779220598,0.43166020674148614,1.4853379559581763,47.564628550441356
222,111.0,0.06979965203119891,0.08372035386430479,0.07311658374031621,0.43287723536417966,1.487790934437476,47.62304706524369
223,111.5,0.06941897149316235,0.08325958945575596,0.07275536092241239,0.43407990312866884,1.490215727686587,47.68142802414793
224,112.0,0.06904228582760838,0.082804501577226,0.07239863384494367,0.43526840375022147,1.4926126875177776,47.73977138443915
225,112.5,0.06866955479171884,0.08235501269737526,0.0720463255927962,0.43644293191810923,1.4949821666372953,47.7980770915372
226,113.0,0.06830073955700254,0.08191104595924328,0.07169836284767807,0.43760367663607563,1.4973245085628264,47.856345102727175
227,113.5,0.06793580098745525,0.08147252514162844,0.07135467099973059,0.43875082787118524,1.4996400577546454,47.9145753634289
228,114.0,0.06757470094516706,0.08103937471299977,0.07101517809774077,0.4398845712440919,1.5019291516407571,47.97276782618137
229,114.5,0.0672174017360217,0.08061151988392183,0.07067981330690348,0.44100509007315253,1.5041921237171865,48.030922443523565
230,115.0,0.06686386592369452,0.08018888660876233,0.07034850644490451,0.44211256602263815,1.506429304566486,48.089039165621436
231,115.5,0.06651405662092043,0.0797714016119473,0.07002118895171708,0.4432071778154147,1.5086410199616258,48.14711794501397
232,116.0,0.06616793759745104,0.07935899244649415,0.06969779429933701,0.4442891006567173,1.5108275900153203,48.20515873898624
233,116.5,0.06582547262995107,0.07895158749232525,0.06937825605042545,0.4453585088272977,1.5129893330750694,48.26316150007726
234,117.0,0.0654866259552937,0.07854911595216901,0.06906250933958184,0.44641557375295493,1.5151265628901978,48.321126183199056
235,117.5,0.06515136252778556,0.07815150791285402,0.06875049174260224,0.44746046281675766,1.5172395868483317,48.37905275038282
236,118.0,0.06481964723844859,0.07775869435531028,0.06844214083556663,0.44849334257067397,1.5193287107384656,48.43694115891364
237,118.5,0.06449144536126258,0.07737060713119694,0.0681373956776313,0.44951437682990864,1.5213942359761856,48.49479136844966
238,119.0,0.06416672280883269,0.07698717901002068,0.06783619768082798,0.4505237255003181,1.5234364578726312,48.55260334576817
239,119.5,0.06384544552309117,0.0766083437016927,0.06753848863878119,0.4515215471364344,1.5254556693885584,48.61037705527341
240,120.0,0.0635275797613132,0.07623403583242488,0.06724421170428337,0.45250799770197797,1.5274521593469257,48.66811246374268
241,120.5,0.0632130920774519,0.07586419095607383,0.06695331134879716,0.45348323061767654,1.529426212506698,48.72580954032632
242,121.0,0.06290194944071015,0.07549874557170869,0.06666573378084979,0.4544473962067308,1.531378108753601,48.78346825892076
243,121.5,0.06259411894088864,0.07513763713579304,0.06638142595093673,0.45540064297238103,1.5333081249548097,48.84108859342247
244,122.0,0.06228956805485159,0.07478080405110257,0.06610033648065744,0.4563431164133878,1.5352165332525811,48.89867052247398
245,122.5,0.06198826436124141,0.07442818567700842,0.06582241467257637,0.45727496028917325,1.537103602889681,48.95621402471783
246,123.0,0.061690175933142063,0.07407972231985314,0.06554761189375029,0.45819631485325396,1.5389695976671156,49.013719085915724
247,123.5,0.06139527079297216,0.07373535525427255,0.06527587963525264,0.4591073193175021,1.5408147794772842,49.07118568945631
248,124.0,0.06110351731340305,0.07339502667642075,0.06500717094777218,0.46000811006240344,1.5426394057591755,49.128613823474325
249,124.5,0.06081488419838364,0.07305867972601637,0.06474144036338574,0.46089882071221366,1.5444437295894289,49.18600348085063
250,125.0,0.06052934021965961,0.07272625849084081,0.06447864292096725,0.46177958336853175,1.5462280014383705,49.24335465446607
251,125.5,0.060246854472644315,0.0723977079744017,0.06421873509911936,0.46265052745383406,1.5479924675341425,49.30066734194758
252,126.0,0.059967396119601515,0.07207297410220809,0.0639616738439414,0.46351178093424844,1.5497373715928362,49.35794154092213
253,126.5,0.05969093476089883,0.07175200369161475,0.06370741794942354,0.4643634685980623,1.5514629523846488,49.415177256135806
254,127.0,0.05941744017242505,0.07143474448683164,0.06345592703882186,0.4652057133019209,1.553169445470238,49.47237449470777
255,127.5,0.05914688207345166,0.07112114513030532,0.0632071606571591,0.4660386371390834,1.5548570848618737,49.529533261384124
256,128.0,0.05887923050056038,0.07081115509746566,0.06296107970038682,0.4668623597015866,1.5565261006029991,49.58665356565706
257,128.5,0.0586144557949121,0.07050472471488023,0.0627176463417193,0.4676769981484879,1.5581767188437823,49.64373542176489
258,129.0,0.05835252847820683,0.07020180517031141,0.062476823518305157,0.46848266783317616,1.5598091627064499,49.70077884631896
259,129.5,0.058093419143271256,0.06990234849085436,0.062238574473913566,0.46927948289196036,1.5614236531145622,49.75778385593063
260,130.0,0.05783709880194172,0.06960630750159762,0.06200286413105102,0.4700675545654092,1.563020406459927,49.81475047433041
261,130.5,0.057583538313345534,0.06931363586163766,0.06176965675107075,0.47084699407394565,1.5645996385856156,49.87167872050269
262,131.0,0.0573327089666429,0.06902428796267407,0.061538918295402346,0.4716179097752803,1.5661615608793191,49.92856862055104
263,131.5,0.05708458224256148,0.0687382189777453,0.06131061541371553,0.4723804083659773,1.5677063819031078,49.98542020295206
264,132.0,0.05683912949641301,0.0684553848429282,0.061084714104790744,0.47313459655586765,1.5692343097201122,50.04223349143625
265,132.5,0.05659632273278524,0.06817574215719903,0.06086118294569595,0.47388057716431936,1.5707455465415487,50.09900852159938
266,133.0,0.05635613393317736,0.06789924829683058,0.060639990213409455,0.4746184525565822,1.5722402933933959,50.15574532666415
267,133.5,0.05611853497907005,0.0676258613365356,0.06042110354119089,0.475348325143203,1.5737187508485264,50.212443935107174
268,134.0,0.0558834984018065,0.06735553994857126,0.06020449312905671,0.47607029352056507,1.57518111376838,50.26910438727031
269,134.5,0.055650996728881796,0.06708824352881584,0.05999012887142685,0.47678445587087503,1.5766275758842947,50.325726721122365
270,135.0,0.05542100250873317,0.06682393212124847,0.05977798045077038,0.4774909099192475,1.5780583297805317,50.38231097225909
271,135.5,0.05519348862966979,0.06656256634975623,0.059568018730534064,0.47818975129003943,1.5794735646809428,50.43885718102236
272,136.0,0.054968428208537645,0.0663041074528192,0.059360215234353086,0.4788810741042896,1.5808734672343943,50.49536539012706
273,136.5,0.054745794298236616,0.06604851728628895,0.059154540813906774,0.47956497260156716,1.582258223718804,50.55183563754203
274,137.0,0.05452556030340522,0.06579575822298231,0.05895096752220259,0.4802415389514094,1.5836280171216157,50.60826796598216
275,137.5,0.054307699870271404,0.06554579319557556,0.05874946808729814,0.48091086384685444,1.584983027910735,50.664662420535414
276,138.0,0.05409218688466874,0.06529858569886958,0.05855001588267845,0.48157303653378275,1.5863234340655747,50.721019048662804
277,138.5,0.05387899518984006,0.0650540997994143,0.05835258359992573,0.4822281464108194,1.587649413231724,50.77733789307924
278,139.0,0.05366809898527373,0.06481230003408953,0.05815714510938505,0.4828762808712512,1.5889611398666132,50.83361900124574
279,139.5,0.05345947244439449,0.06457315146810132,0.05796367363742533,0.48351752745007837,1.590258788093187,50.8898624158772
280,140.0,0.05325309019489768,0.06433661959405548,0.05777214404673733,0.484151971164309,1.5915425281804572,50.946068186807686
281,140.5,0.053048926932799084,0.06410267042625549,0.057582530961196345,0.4847796966797486,1.5928125293878939,51.00223636149822
282,141.0,0.05284695743890432,0.06387127044586448,0.05739480883984418,0.4854007882753865,1.5940689599517124,51.05836698503675
283,141.5,0.05264715703395417,0.0636423865340525,0.05720895418669969,0.4860153272452931,1.5953119836433314,51.11446011200344
284,142.0,0.05244950075658345,0.06341598612204849,0.057024941487174026,0.4866233966341935,1.5965417659989773,51.17051578511321
285,142.5,0.052253964197054005,0.06319203697106922,0.056842747348701705,0.48722507648317454,1.5977584681179966,51.226534056573165
286,143.0,0.052060522944723436,0.06297050732312677,0.05666234771759482,0.48782044701455446,1.59896225080198,51.282514973844314
287,143.5,0.05186915295168721,0.06275136580041277,0.05648371970776043,0.4884095865401391,1.6001532718363511,51.33845858913378
288,144.0,0.05167983026363564,0.06253458147380488,0.05630684021898582,0.4889925730435732,1.6013316880424964,51.39436495227561
289,144.5,0.05149253111656872,0.06232012381008783,0.05613168642849029,0.4895694836448527,1.6024976546016267,51.450234113103875
290,145.0,0.05130723210418036,0.06210796265179215,0.05595823664408205,0.490140393599945,1.6036513237397914,51.50606612619874
291,145.5,0.051123909752611676,0.06189806829687931,0.05578646808282217,0.4907053788676864,1.6047928480655829,51.56186103902121
292,146.0,0.05094254087555254,0.06169041136676833,0.05561635873759916,0.49126451402007953,1.6059223779022052,51.61761890140534
293,146.5,0.05076310272542437,0.06148496282628692,0.05544788816087248,0.4918178712874158,1.6070400600102792,51.67333977030436
294,147.0,0.05058557249062856,0.0612816941046889,0.055281034775193326,0.49236552362948877,1.6081460415435418,51.72902369555232
295,147.5,0.05040992764219816,0.061080576957590796,0.05511577773678559,0.492907542663425,1.609240467421437,51.784670729356336
296,148.0,0.05023614584669248,0.060881583502361,0.0549520964573045,0.49344399919364157,1.6103234809978946,51.84028092392352
297,148.5,0.05006420512263254,0.0606846861975605,0.054789971445899935,0.4939749622339066,1.61139522279108,51.89585433620709
298,149.0,0.049894083517660635,0.06048985792264628,0.05462938252860092,0.4945005010310917,1.6124558330731231,51.95139101841414
299,149.5,0.04972575943368568,0.06029707187211846,0.054470310643605066,0.4950206830505903,1.6135054493110994,52.00689102749791
300,150.0,0.04955921130858055,0.06010630163996741,0.05431273606198434,0.49553557598946724,1.6145442087323376,52.06235441566549
301,150.5,0.049394417934800317,0.05991752111566162,0.05415664017470041,0.4960452457748372,1.6155722457895738,52.117781239870105
302,151.0,0.049231358145818645,0.0597307045721547,0.054002003715742215,0.496549758566284,1.616589694702491,52.17317155231886
303,151.5,0.049070011275867825,0.05954582654850534,0.053848809373152645,0.49704917780247376,1.6175966857022317,52.22852541471108
304,152.0,0.04891035668990891,0.059362862015572816,0.05369703907865852,0.49754356721585935,1.6185933488204676,52.283842883999974
305,152.5,0.04875237394924755,0.059181786274869724,0.05354667496729639,0.49803298980858596,1.6195798126352199,52.33912401713875
306,153.0,0.04859604281242008,0.059002574950158954,0.05339769938192719,0.4985175078554934,1.620556204280493,52.39436887108063
307,153.5,0.04844134337797787,0.058825203965038556,0.05325009570251988,0.49899718195446335,1.621522648233468,52.44957750752492
308,154.0,0.0482882557878508,0.05864964962778757,0.05310384659207676,0.4994720729922845,1.6224792687887943,52.50474998342484
309,154.5,0.048136760525347266,0.058475888520561535,0.052958935767474104,0.49994224018661676,1.6234261876153597,52.559886360479695
310,155.0,0.047986838260975405,0.058303897573296494,0.05281534706840022,0.5004077420973275,1.6243635250020794,52.614986700388805
311,155.5,0.047838469717554705,0.05813365406339875,0.05267306365048761,0.5008686375685586,1.6252914010700497,52.670051060105386
312,156.0,0.0476916360956167,0.05796513549350367,0.052532070561840026,0.5013249828490393,1.6262099321643013,52.725079506074856
313,156.5,0.04754631863679121,0.057798319763974246,0.052392352066945376,0.5017768345322888,1.6271192344947314,52.780072099996524
314,157.0,0.04740249871008294,0.0576331850776615,0.05225389218826304,0.5022242490239922,1.628019423526164,52.83502890119665
315,157.5,0.047260158085185425,0.057469709868840195,0.0521166763958363,0.5026672806501378,1.628910611610926,52.88994997612066
316,158.0,0.04711927864571062,0.057307872928137604,0.05198068981325885,0.5031059836128926,1.629792910393333,52.944835388840914
317,158.5,0.04697984239966589,0.057147653350813205,0.0518459172919131,0.5035404119576075,1.6306664308074619,52.99968520105672
318,159.0,0.04684183161691252,0.05698903047883383,0.05171234428488938,0.5039706186193639,1.6315312819067045,53.054499476840455
319,159.5,0.046705228756438524,0.05683198393802876,0.05157995638652166,0.5043966559190106,1.6323875714681044,53.109278280264476
320,160.0,0.04657001646666759,0.056676493629114165,0.05144873933904234,0.5048185755651755,1.6332354060027257,53.16402167540115
321,160.5,0.04643617764880366,0.05652253971153209,0.0513186794415139,0.50523642819815,1.63407489018901,53.21872972869589
322,161.0,0.0463036953240091,0.05637010264478273,0.05118976269345862,0.5056502643377492,1.6349061280449477,53.27340250422107
323,161.5,0.04617255270360792,0.05621916313620921,0.05106197526276746,0.506060133897415,1.6357292223539894,53.32804006604904
324,162.0,0.04604273318789444,0.05606970213738133,0.05093530348648907,0.5064660861882347,1.636544274675064,53.38264247825218
325,162.5,0.04591422030342092,0.05592170084948496,0.05080973347004481,0.5068681703770489,1.6373513859207216,53.43720980252979
326,163.0,0.04578699789110867,0.055775140663181344,0.05068525234306107,0.5072664341026485,1.6381506546572493,53.491742105327305
327,163.5,0.045661049727195736,0.05563000327741217,0.050561845742779284,0.5076609262526124,1.6389421805208082,53.54623944359792
328,164.0,0.045536360090072565,0.0554862704850316,0.05043950163397227,0.5080516927909231,1.6397260591257459,53.60070188616011
329,164.5,0.04541291324505203,0.055343924417815785,0.05031820682167476,0.508438780515457,1.6405023866075366,53.65512949471319
330,165.0,0.045290693584882656,0.05520294741468786,0.05019794793061891,0.5088222360698101,1.6412712584853564,53.70952232858342
331,165.5,0.04516968563287127,0.05506332199515075,0.050078711450726045,0.5092021059212515,1.6420327696603576,53.76388044472401
332,166.0,0.045049874219439026,0.054925030811905265,0.049960484965396054,0.5095784350032592,1.6427870127524753,53.818203904834284
333,166.5,0.044931244232926305,0.05478805676412361,0.04984325543574321,0.5099512685672064,1.6435340803372296,53.87249276586745
334,167.0,0.04481378080316728,0.05465238290546602,0.04972701049433642,0.5103206507970298,1.6442740632852286,53.92674708714977
335,167.5,0.044697469062841604,0.054517992523188716,0.04961173679240688,0.5106866266215624,1.64500705297269,53.98096692088836
336,168.0,0.04458229444655132,0.05438486900132059,0.049497422127324456,0.5110492394248032,1.6457331385303795,54.03515232403644
337,168.5,0.04446824239082945,0.054252995951324635,0.04938405333301909,0.5114085333248264,1.6464524095918425,54.08930334642805
338,169.0,0.04435529851721684,0.054122357094493645,0.04927161761319822,0.5117645517750908,1.647164954646163,54.14342003789728
339,169.5,0.04424344873591985,0.05399293626810063,0.049160103291316884,0.5121173367046622,1.6478708599647214,54.19750245302427
340,170.0,0.04413267884353161,0.05386471757041065,0.04904949693021186,0.5124669316558454,1.648570213398371,54.25155063452394
341,170.5,0.04402297493350334,0.053737685140237856,0.04893978633694742,0.512813378589311,1.649263100582066,54.305564629857294
342,171.0,0.04391432321219059,0.05361182328341321,0.04883095923173836,0.5131567192726574,1.6499496065648624,54.359544484112305
343,171.5,0.04380670989296761,0.05348711647327733,0.048723002499174786,0.5134969961345798,1.6506298168753668,54.413490235257775
344,172.0,0.04370012152934657,0.05336354921962595,0.04861590465920614,0.5138342495918209,1.6513038143135013,54.46740192838166
345,172.5,0.04359454461715782,0.05324110626282231,0.048509652930918745,0.5141685211891007,1.6519716826919622,54.521279599079726
346,173.0,0.04348996577371802,0.05311977242630039,0.04840423460063163,0.5144998521993496,1.6526335052256125,54.57512328057468
347,173.5,0.04338637189223521,0.052999532591704715,0.048299638189800743,0.514828282326259,1.653289362950083,54.628933010835325
348,174.0,0.04328374986251833,0.05288037184131247,0.04819585136096927,0.5151538519351996,1.6539393373688498,54.68270882071132
349,174.5,0.04318208668845225,0.05276227535640536,0.048092861831580735,0.5154766011235613,1.6545835093902508,54.736450738679274
350,175.0,0.043081369589020334,0.0526452283984041,0.04799065815308594,0.5157965688594893,1.6552219582830439,54.790158795588844
351,175.5,0.04298158573080131,0.05252921641742307,0.04788922768262386,0.5161137951691515,1.6558547642901251,54.84383301279748
352,176.0,0.04288272255016589,0.0524142248879377,0.0477885590785892,0.516428318483307,1.6564820054950369,54.89747341640875
353,176.5,0.042784767531652376,0.052300239451286534,0.04768864059255622,0.5167401774245046,1.6571037599099128,54.9510800277801
354,177.0,0.042687708315276546,0.052187245852121665,0.047589460912180734,0.5170494099204208,1.6577201044377454,55.004652868268984
355,177.5,0.042591532591242744,0.05207522998529074,0.047491008349336415,0.5173560540741299,1.658331115906353,55.05819195448676
356,178.0,0.042496228254344376,0.051964177827191586,0.04739327205755777,0.517660146860906,1.658936869525025,55.11169730541783
357,178.5,0.042401783245104796,0.05185407552646584,0.04729624078155796,0.5179617254468711,1.659537440430195,55.1651689353005
358,179.0,0.0423081855573286,0.05174490935730478,0.04719990293453913,0.5182608271508272,1.6601329036788646,55.21860685362697
359,179.5,0.042215423485090206,0.051636665638613556,0.047104248563350784,0.5185574873129452,1.6607233317041505,55.2720110770086
360,180.0,0.042123485311287956,0.05152933091967298,0.04700926684745932,0.5188517419215795,1.66130879737933,55.325381614937584
361,180.5,0.04203235941879368,0.051422891871471206,0.0469149470033259,0.5191436267064089,1.6618893729973496,55.37871847453307
362,181.0,0.041942034385556645,0.051317335263067206,0.046821279051762844,0.5194331762996129,1.6624651292654318,55.43202166528727
363,181.5,0.041852498927164944,0.051212648029606185,0.04672825333784767,0.5197204247053808,1.663036135821444,55.48529119669239
364,182.0,0.04176374175428144,0.05110881731188453,0.04663585936949992,0.5200054065643337,1.6636024627438857,55.538527071121464
365,182.5,0.041675751819763567,0.05100583032549931,0.04654408784221023,0.5202881550125265,1.6641641780474994,55.59172929569365
366,183.0,0.04158851816375016,0.05090367448091394,0.04645292935036254,0.5205687030049729,1.664721349196558,55.64489787515506
367,183.5,0.0415020300103173,0.05080233734042598,0.04636237517147965,0.5208470824777767,1.6652740421167154,55.69803281662484
368,184.0,0.041416276623265684,0.05070180668862206,0.04627241605751024,0.5211233256306016,1.6658223226954474,55.75113412247603
369,184.5,0.04133124740749589,0.050602070451729805,0.04618304308015271,0.5213974640606212,1.6663662557938987,55.804201795081696
370,185.0,0.04124693199656432,0.05050311669542965,0.04609424834677599,0.5216695279612296,1.6669059042726706,55.85723584156098
371,185.5,0.04116332010613417,0.05040493372585804,0.04600602374320217,0.5219395474248052,1.6674413304866782,55.910236266659986
372,186.0,0.04108040145153416,0.05030751006705205,0.045918360240945526,0.5222075532404679,1.6679725972703467,55.96320306800566
373,186.5,0.04099816625126163,0.05021083427005682,0.04583125214336587,0.5224735723353153,1.6684997625627345,56.016136262209365
374,187.0,0.0409166044321898,0.05011489533905014,0.04574469028580751,0.5227376349429522,1.6690228877395217,56.06903584452499
375,187.5,0.040835706297858966,0.05001968227655649,0.045658667772613466,0.5229997686529707,1.6695420307806956,56.12190182207169
376,188.0,0.04075546232170582,0.049925184312533344,0.045573178165423,0.5232600002003375,1.6700572482443918,56.174734204341675
377,188.5,0.04067586301488786,0.049831390948015274,0.045488214323807154,0.5235183567132894,1.6705685967354977,56.22753299608103
378,189.0,0.04059689911217233,0.04973829183728301,0.04540377000680792,0.5237748640437364,1.671076130982108,56.28029820678197
379,189.5,0.040518561432809755,0.04964587687722719,0.045319838646573664,0.5240295480433891,1.6715799053005418,56.333029843563644
380,190.0,0.04044084093049778,0.04955413614992373,0.045236413783664255,0.5242824341359139,1.672079973124994,56.3857279135452
381,190.5,0.04036372873573901,0.049463059908388514,0.04515348943351598,0.5245335469223562,1.672576386542489,56.43839242621885
382,191.0,0.04028721623561513,0.049372638586288126,0.045071060763061714,0.5247829094150347,1.6730691953575156,56.491023398195935
383,191.5,0.04021129476745647,0.04928286293914697,0.044989121367407,0.5250305459259892,1.6735584504519287,56.543620836595615
384,192.0,0.040135955935314736,0.04919372382285917,0.044907666089036125,0.5252764791527896,1.6740442004593004,56.59618475565619
385,192.5,0.04006119138535148,0.04910521233584503,0.04482668901340129,0.5255207322654019,1.6745264941588531,56.64871516486986
386,193.0,0.03998699298260936,0.0490173197005888,0.044746185059517364,0.5257633272572841,1.6750053785914758,56.70121207847493
387,193.5,0.039913352758870334,0.048930037334933854,0.04466614950046911,0.5260042854057264,1.675480899553051,56.75367551308276
388,194.0,0.03984026282803705,0.04884335688252766,0.04458657719709889,0.5262436280923362,1.6759531025537335,56.80610548293165
389,194.5,0.03976771543350991,0.04875727015017291,0.04450746303983229,0.5264813763764846,1.676422032359291,56.8585020022599
390,195.0,0.039695702987911634,0.048671769090179444,0.04442880231933885,0.5267175506025698,1.6768877325365663,56.91086508767886
391,195.5,0.03962421802739524,0.04858684583247769,0.04435059031523673,0.52695217082489,1.677350245937621,56.96319475579989
392,196.0,0.03955325313182789,0.04850249268578314,0.04427282158858912,0.5271852575937995,1.6778096156443598,57.01549101848825
393,196.5,0.039482801171981864,0.0484187020141178,0.04419549226995017,0.5274168295439499,1.6782658821858676,57.06775389710138
394,197.0,0.03941285501053752,0.0483354664272549,0.04411859730368296,0.5276469062585243,1.6787190868101936,57.1199834058776
395,197.5,0.03934340767582201,0.048252778624873344,0.044042132085880106,0.5278755066134242,1.679169269636906,57.172179561428244
396,198.0,0.039274452353864085,0.048170631431583816,0.04396609240324188,0.5281026488113099,1.679616469671997,57.22434238273773
397,198.5,0.03920598226557129,0.04808901784573424,0.043890473307456344,0.5283283515812378,1.68006072620436,57.27647188404436
398,199.0,0.03913799075266668,0.048007930946315204,0.04381526995791156,0.5285526333431062,1.6805020778914568,57.32856807958644
399,199.5,0.03907047138936134,0.047927363876049754,0.0437404786853194,0.5287755110492691,1.6809405613944959,57.380630990721414
400,200.0,0.039003417658662144,0.04784731000273439,0.04366609396166701,0.528997003376936,1.6813762150568765,57.43266062694149
401,200.5,0.03893682331936696,0.04776776266858388,0.04359211191229713,0.5292171270997515,1.681809074792433,57.48465700723108
402,201.0,0.03887068215314195,0.04768871538854563,0.04351852792563362,0.5294358995326783,1.682239176837848,57.53662014582847
403,201.5,0.03880498804932258,0.04761016175603277,0.04344533749164939,0.5296533377029948,1.6826665568483161,57.58855005697198
404,202.0,0.0387397350012931,0.04753209544810141,0.043372536193837644,0.5298694583567675,1.683091249906079,57.64044675489991
405,202.5,0.038674917140973854,0.04745451022165861,0.043300120056837865,0.5300842775805293,1.683513290076922,57.692310256223614
406,203.0,0.03861052858273836,0.047377399977261786,0.04322808407044608,0.5302978123695534,1.683932712226814,57.744140570435285
407,203.5,0.03854656362047082,0.04730075861968828,0.043156424129317965,0.5305100786305226,1.6843495497698917,57.795937711773234
408,204.0,0.03848301667637351,0.04722458014936652,0.04308513654165317,0.5307210916326064,1.6847638351304919,57.847701696848816
409,204.5,0.038419882148593924,0.04714885872081539,0.04301421656438941,0.5309308675662009,1.6851756015481967,57.899432535154226
410,205.0,0.03835715464333346,0.047073588493060724,0.04294366069035351,0.531139421173252,1.6855848803935234,57.951130243300824
411,205.5,0.038294828775372956,0.046998763778587284,0.04287346470128849,0.531346767744751,1.6859917034154168,58.002794833153864
412,206.0,0.03823289928599223,0.046924378945045475,0.04280362484375837,0.5315529219252036,1.6863961014081728,58.05442631895165
413,206.5,0.03817136099987267,0.046850428461303925,0.04273413741170052,0.5317578981271226,1.6867981046660723,58.10602471493248
414,207.0,0.03811020878841058,0.046776906900648334,0.042664998398275894,0.5319617109126649,1.6871977434351944,58.15759003296161
415,207.5,0.038049437715935004,0.0467038088780077,0.04259620494830125,0.5321643734577557,1.687595046147877,58.20912229202344
416,208.0,0.03798904295461317,0.046631129165349075,0.04252775448291273,0.5323658983971247,1.6879900403225483,58.26062151347543
417,208.5,0.037929019606761906,0.04655886273510919,0.042459642927623956,0.5325662997305046,1.6883827547818706,58.312087709182826
418,209.0,0.03786936300609537,0.04648700455228375,0.04239186774445183,0.5327655896971687,1.6887732161326932,58.3635209005031
419,209.5,0.03781006855714774,0.046415549744225904,0.04232442630040979,0.5329637803982162,1.6891614505396937,58.414921108793685
420,210.0,0.03775113173884944,0.046344493576246246,0.042257315894302816,0.5331608837906011,1.6895474837366549,58.46628835541205
421,210.5,0.037692548211212006,0.046273831413017094,0.0421905348150826,0.5333569105606879,1.6899313397252458,58.5176226688348
422,211.0,0.03763431359724214,0.04620355883899912,0.04212408011831818,0.5335518724454401,1.6903130434119558,58.568924070419385
423,211.5,0.03757642377598445,0.046133671472654784,0.04205795059777992,0.5337457791535803,1.6906926171289558,58.620192593388516
424,212.0,0.03751887462166999,0.046064165168877846,0.04199214409831492,0.5339386411111368,1.691070083698918,58.671428266218804
425,212.5,0.037461662155185114,0.0459950358828267,0.04192665905952864,0.5341304679024591,1.6914454647092614,58.72263112213295
426,213.0,0.03740478250348359,0.04592627972258398,0.0418614940832421,0.5343212686906899,1.691818780961138,58.773801196726716
427,213.5,0.03734823189956084,0.045857892949666273,0.04179664791713951,0.5345110522336329,1.6921900524848443,58.824938527968904
428,214.0,0.037292006682467044,0.04578987197810996,0.041732119440921894,0.5346998268985007,1.692559298555456,58.87604315620138
429,214.5,0.037236103263576986,0.045722213378717805,0.0416679073127956,0.5348876010449092,1.6929265381390368,58.92711512176601
430,215.0,0.03718051819692179,0.04565491383229522,0.041604010697956675,0.5350743822728259,1.6932917890466865,58.97815446975074
431,215.5,0.0371252481402033,0.04558797017355004,0.04154042885203716,0.5352601778342091,1.6936550683802518,59.02916124761659
432,216.0,0.037070289821771706,0.04552137939133611,0.04147716077555425,0.5354449950113376,1.6940163929764573,59.08013550282457
433,216.5,0.03701564007697073,0.04545513858541618,0.041414205604931316,0.5356288407326815,1.6943757789933231,59.13107728520874
434,217.0,0.036961295911767236,0.045389244958686084,0.041351563275495475,0.5358117208540509,1.6947332410718297,59.18198665172231
435,217.5,0.03690725429713348,0.04532369591809587,0.04128923236387829,0.5359936424208921,1.6950887949085285,59.23286365219935
436,218.0,0.036853512380649406,0.0452584888945726,0.041227212353620014,0.5361746113711577,1.6954424547152855,59.28370834359307
437,218.5,0.03680006727767853,0.045193621463887744,0.041165501460642226,0.5363546347977912,1.6957942357785456,59.33452077573753
438,219.0,0.036746916277846806,0.04512909118267747,0.04110409887531509,0.5365337186641603,1.6961441519257885,59.385301005585944
439,219.5,0.036694056732572186,0.04506489570342381,0.04104300359005835,0.5367118689739453,1.6964922168053764,59.43604909009153
440,220.0,0.0366414860879255,0.04500103274328965,0.04098221477449009,0.5368890913942944,1.6968384434751531,59.48676508858054
441,220.5,0.03658920172037003,0.044937500125004116,0.04092173007109445,0.5370653930835311,1.6971828465177863,59.53744905088705
442,221.0,0.03653720114111187,0.04487429559369662,0.040861547868125965,0.5372407803970652,1.6975254395211443,59.58810103159121
443,221.5,0.03648548188532347,0.044811416917502324,0.04080166616695107,0.5374152600302229,1.6978662363420731,59.63872108290014
444,222.0,0.03643404154368379,0.044748861847465266,0.04074208298320759,0.5375888386256431,1.6982052506908099,59.68930925702095
445,222.5,0.03638287769411522,0.04468662813579599,0.040682795676556624,0.5377615234935319,1.698542496969505,59.73986560141466
446,223.0,0.036331987935013285,0.04462471347292911,0.04062380139514008,0.5379333221969173,1.6988779898539612,59.79039016116921
447,223.5,0.036281369911899654,0.04456311547395739,0.040565097441727156,0.5381042421724155,1.6992117438746586,59.84088298137258
448,224.0,0.03623102118492235,0.0445018317265929,0.04050667991478561,0.5382742921736988,1.699543775077261,59.89134409762052
449,224.5,0.0361809392663627,0.04444085967928379,0.04044854424314453,0.5384434818112087,1.6998741005991993,59.94177353838963
450,225.0,0.036131121864976766,0.044380196557989436,0.04039068794528296,0.5386118186317506,1.7002027353438074,59.992171344021784
451,225.5,0.0360815664253897,0.044319839663604525,0.040333105630379805,0.5387793132806257,1.7005296977662416,60.04253753350138
452,226.0,0.03603227046267346,0.04425978603888919,0.040275792803157066,0.53894597569528,1.7008550057310436,60.092872128185874
453,226.5,0.03598323148092024,0.044200032597396216,0.040218745039513074,0.5391118158821702,1.7011786773229332,60.143175147059665
454,227.0,0.03593444687587321,0.04414057616143695,0.040161956980597734,0.5392768449820918,1.7015007320689082,60.19344659961496
455,227.5,0.035885913909190645,0.04408141338983102,0.040105422159911086,0.539441075541067,1.7018211913328543,60.243686483478704
456,228.0,0.03583762995298238,0.04402254065521913,0.040049135816008274,0.53960451857579,1.7021400750146056,60.29389480339701
457,228.5,0.035789592163192795,0.04396395428924154,0.03999309130546592,0.5397671872420995,1.7024574056264719,60.34407154750461
458,229.0,0.03574179773627449,0.04390565036897868,0.0399372830486481,0.5399290938460984,1.7027732050045703,60.394216706309315
459,229.5,0.035694243712186983,0.04384762487701802,0.03988170437251583,0.5400902520382789,1.7030874967368863,60.44433025845366
460,230.0,0.03564692704238704,0.043789873597219975,0.039826348350494895,0.5402506760098978,1.7034003053279032,60.49441217546104
461,230.5,0.03559984467541399,0.04373239209974517,0.03977120881860312,0.5404103794062375,1.7037116549556637,60.54446242885486
462,231.0,0.03555299342701086,0.043675175856079385,0.039716278932589034,0.5405693767843205,1.7040215710742188,60.59448098066629
463,231.5,0.035506370015667955,0.043618220177927616,0.039661551609806105,0.5407276831965981,1.704330079987334,60.644467785807386
464,232.0,0.035459971179469495,0.043561520193328165,0.03960702086709586,0.5408853127601063,1.7046372072078386,60.694422801563235
465,232.5,0.035413793488819255,0.04350507099748718,0.039552679677471565,0.5410422808362219,1.7049429798610956,60.744345973353674
466,233.0,0.035367833475765616,0.04344886753419134,0.039498521451328296,0.5411986025387147,1.7052474250529914,60.794237244225485
467,233.5,0.0353220876289055,0.04339290465290656,0.039444539957763286,0.5413542927604246,1.7055505698497064,60.844096554852406
468,234.0,0.03527655233420591,0.043337177158767295,0.03939072861602918,0.5415093668909975,1.705852442063818,60.89392383878902
469,234.5,0.03523122402559484,0.043281679758504846,0.0393370821746216,0.5416638390412786,1.7061530682315835,60.94371903433602
470,235.0,0.03518609903202788,0.04322640721699542,0.039283594868114655,0.5418177238828619,1.7064524756018102,60.99348207267494
471,235.5,0.03514117364740807,0.04317135428609589,0.03923026116028253,0.5419710359062133,1.7067506913253008,61.04321288261425
472,236.0,0.03509644419018736,0.043116515715805874,0.0391770763527829,0.5421237887412237,1.7070477416450425,61.09291139533549
473,236.5,0.03505190694476115,0.04306188633897157,0.03912403580251631,0.5422759959137508,1.7073436526852563,61.14257753964715
474,237.0,0.03500755819787729,0.04300746105716267,0.03907113524357492,0.542427670501385,1.7076384500484671,61.19221124435771
475,237.5,0.03496339429920226,0.04295323485667235,0.03901837137176299,0.5425788244723623,1.7079321580172848,61.24181244302175
476,238.0,0.03491941160510181,0.04289920289488945,0.0389657410469915,0.5427294694530171,1.7082248003479235,61.29138106919386
477,238.5,0.034875606600410225,0.04284536047540301,0.038913242557835306,0.5428796153663513,1.7085163986901273,61.34091706592082
478,239.0,0.034831975756941955,0.04279170318385507,0.038860873789296035,0.5430292722699068,1.7088069745721672,61.390420373876374
479,239.5,0.034788515718264856,0.04273822678712244,0.038808634226694984,0.5431784482679176,1.7090965470442647,61.43989094559951
480,240.0,0.03474522310215147,0.04268492738999668,0.038756522461909124,0.5433271520459426,1.7093851354516423,61.48932872888311
